
insert  into FOOD_MOODS(food_mood_id,name)
VALUES (1 ,'HAPPY');
insert  into FOOD_MOODS(food_mood_id,name)
VALUES (2 ,'SAD');
insert  into FOOD_MOODS(food_mood_id,name)
VALUES (3 ,'CELEBERATION');
insert  into FOOD_MOODS(food_mood_id,name)
VALUES (4 ,'TIRED');
insert  into FOOD_MOODS(food_mood_id,name)
VALUES (5 ,'TENSED');
insert  into FOOD_MOODS(food_mood_id,name)
VALUES (6 ,'HUNGRY');

INSERT INTO RECIPE(RECIPE_ID,PREPTIME)
VALUES (111,'40 minutes');
INSERT INTO RECIPE(RECIPE_ID,PREPTIME)
VALUES (112,'40 minutes');
INSERT INTO RECIPE(RECIPE_ID,PREPTIME)
VALUES (113,'40 minutes');
INSERT INTO RECIPE(RECIPE_ID,PREPTIME)
VALUES (311,'40 minutes');
INSERT INTO RECIPE(RECIPE_ID,PREPTIME)
VALUES (312,'40 minutes');
INSERT INTO RECIPE(RECIPE_ID,PREPTIME)
VALUES (411,'40 minutes');
INSERT INTO RECIPE(RECIPE_ID,PREPTIME)
VALUES (412,'40 minutes');
INSERT INTO RECIPE(RECIPE_ID,PREPTIME)
VALUES (413,'40 minutes');
INSERT INTO RECIPE(RECIPE_ID,PREPTIME)
VALUES (211,'40 minutes');
INSERT INTO RECIPE(RECIPE_ID,PREPTIME)
VALUES (212,'40 minutes');
INSERT INTO RECIPE(RECIPE_ID,PREPTIME)
VALUES (511,'40 minutes');
INSERT INTO RECIPE(RECIPE_ID,PREPTIME)
VALUES (512,'40 minutes');
INSERT INTO RECIPE(RECIPE_ID,PREPTIME)
VALUES (611,'40 minutes');
INSERT INTO RECIPE(RECIPE_ID,PREPTIME)
VALUES (612,'40 minutes');


INSERT INTO FOOD(food_id,food_name,image_url,foodmood_id,recipe_id)
VALUES (1,'PAAV BHAJI','https://encrypted-tbn0.gstatic.com/images?q=tbn:ANd9GcT54vxH2qFQaaEuX_oTzFOMfHrNrcRYg1JA_w&usqp=CAU',1,111);

INSERT INTO FOOD(food_id,food_name,image_url,foodmood_id,recipe_id)
VALUES (2,'DHOKLA','https://encrypted-tbn0.gstatic.com/images?q=tbn:ANd9GcTVfoCePSRQz49hiSVzTp9Po4yCF0EyojeKKw&usqp=CAU',1,112);

INSERT INTO FOOD(food_id,food_name,image_url,foodmood_id,recipe_id)
VALUES (3,'IDLI','https://encrypted-tbn0.gstatic.com/images?q=tbn:ANd9GcRHZssxU5c8QefRVTXp9Ta_9aGvDdr5ZyAiAQ&usqp=CAU',1,113);

INSERT INTO FOOD(food_id,food_name,image_url,foodmood_id,recipe_id)
VALUES (4,'PASTA SALADS','https://encrypted-tbn0.gstatic.com/images?q=tbn:ANd9GcQt3y5QF9d6FpDrZKCMVO4s8BWVaqXuYh_VBw&usqp=CAU',3,311);

INSERT INTO FOOD(food_id,food_name,image_url,foodmood_id,recipe_id)
VALUES (5,'Muffins','https://encrypted-tbn0.gstatic.com/images?q=tbn:ANd9GcS29SuQHRYcBpCKRMY5odSQHzaJYlHzrSv4ng&usqp=CAU',3,312);

INSERT INTO FOOD(food_id,food_name,image_url,foodmood_id,recipe_id)
VALUES (6,'Oats Meal','https://encrypted-tbn0.gstatic.com/images?q=tbn:ANd9GcR6u5lJplb1FpuORrSRlqdTCaLC_ASA_5_JYA&usqp=CAU',4,411);

INSERT INTO FOOD(food_id,food_name,image_url,foodmood_id,recipe_id)
VALUES (7,'Sliced Banana and Peanut Butter','https://encrypted-tbn0.gstatic.com/images?q=tbn:ANd9GcTTdiNo6Toy33pTzoli5sfX8aegEq7oeMegwQ&usqp=CAU',4,412);

INSERT INTO FOOD(food_id,food_name,image_url,foodmood_id,recipe_id)
VALUES (8,'Omlet','http://3.bp.blogspot.com/-OExKhSnyXZA/TYdNMY2kXXI/AAAAAAAAKBg/aPl-mRtG9Sk/s1600/Cheese%2Bomlate5P1010135.jpg',4,413);

INSERT INTO FOOD(food_id,food_name,image_url,foodmood_id,recipe_id)
VALUES (9,'Upma','https://encrypted-tbn0.gstatic.com/images?q=tbn:ANd9GcT5R9e22CqIgL_QC1T0Z-RqCPNh_pgmOeJ3sw&usqp=CAU',2,211);

INSERT INTO FOOD(food_id,food_name,image_url,foodmood_id,recipe_id)
VALUES (10,'Semya Upma','https://www.sandyathome.com/wp-content/uploads/2016/11/IMG_1072-750x500.jpg',2,212);

INSERT INTO FOOD(food_id,food_name,image_url,foodmood_id,recipe_id)
VALUES (11,'sandwiches','https://www.oetker.in/Recipe/Recipes/oetker.in/in-en/sandwiches/image-thumb__52604__RecipeDetail/sandwicheto.jpg',5,511);

INSERT INTO FOOD(food_id,food_name,image_url,foodmood_id,recipe_id)
VALUES (12,'Burger','https://www.tasteofhome.com/wp-content/uploads/2020/03/Smash-Burgers_EXPS_TOHcom20_246232_B10_06_10b.jpg',5,512);

INSERT INTO FOOD(food_id,food_name,image_url,foodmood_id,recipe_id)
VALUES (13,'Biryani','https://simmertoslimmer.com/wp-content/uploads/2018/01/South-Indian-chicken-biryani-500x500.jpg',6,611);

INSERT INTO FOOD(food_id,food_name,image_url,foodmood_id,recipe_id)
VALUES (14,'Tandoori Chicken','https://www.whiskaffair.com/wp-content/uploads/2021/04/Tandoori-Chicken-2-3-500x375.jpg',6,612);

INSERT INTO INGREDIENT(ING_ID,INGREDIENT_NAME,QUANTITY,RECIPE_ID)
VALUES (1111,'SALT','1/2 SPOONS',111);

INSERT INTO INGREDIENT(ING_ID,INGREDIENT_NAME,QUANTITY,RECIPE_ID)
VALUES (1112,'TOMOTO','5 ',111);

INSERT INTO INGREDIENT(ING_ID,INGREDIENT_NAME,QUANTITY,RECIPE_ID)
VALUES (1113,'POTATO','3 ',111);

INSERT INTO INGREDIENT(ING_ID,INGREDIENT_NAME,QUANTITY,RECIPE_ID)
VALUES (1114,'GREEN PEAS','1/2 CUP ',111);

INSERT INTO INGREDIENT(ING_ID,INGREDIENT_NAME,QUANTITY,RECIPE_ID)
VALUES (1115,'CHOPPED CAULIFLOWER','3/4 CUP ',111);

INSERT INTO INGREDIENT(ING_ID,INGREDIENT_NAME,QUANTITY,RECIPE_ID)
VALUES (1116,'CHOPPED CAPSICUM','1/2 CUP ',111);

INSERT INTO INGREDIENT(ING_ID,INGREDIENT_NAME,QUANTITY,RECIPE_ID)
VALUES (1118,'ONION','1 LARGE ',111);

INSERT INTO INGREDIENT(ING_ID,INGREDIENT_NAME,QUANTITY,RECIPE_ID)
VALUES (1119,'RED CHILLI POWDER','1 and 1/2 SPOON',111);

INSERT INTO INGREDIENT(ING_ID,INGREDIENT_NAME,QUANTITY,RECIPE_ID)
VALUES (1120,'TURMERIC POWDER','1/4 SPOON ',111);


INSERT INTO INGREDIENT(ING_ID,INGREDIENT_NAME,QUANTITY,RECIPE_ID)
VALUES (1121,'GRAM FLOUR','1 CUP',112);

INSERT INTO INGREDIENT(ING_ID,INGREDIENT_NAME,QUANTITY,RECIPE_ID)
VALUES (1122,'RAVA','1 TABLESPOON',112);

INSERT INTO INGREDIENT(ING_ID,INGREDIENT_NAME,QUANTITY,RECIPE_ID)
VALUES (1123,'LEMON JUICE','1 TEASPOON ',112);

INSERT INTO INGREDIENT(ING_ID,INGREDIENT_NAME,QUANTITY,RECIPE_ID)
VALUES (1124,'GINGER-CHILLI PASTE','1 TEASPOON ',112);

INSERT INTO INGREDIENT(ING_ID,INGREDIENT_NAME,QUANTITY,RECIPE_ID)
VALUES (1125,'CURD','1 CUP ',112);

INSERT INTO INGREDIENT(ING_ID,INGREDIENT_NAME,QUANTITY,RECIPE_ID)
VALUES (1126,'WATER','3/4 CUP ',112);

INSERT INTO INGREDIENT(ING_ID,INGREDIENT_NAME,QUANTITY,RECIPE_ID)
VALUES (1127,'SALT','1/2 TEASPOON ',112);

INSERT INTO INGREDIENT(ING_ID,INGREDIENT_NAME,QUANTITY,RECIPE_ID)
VALUES (1128,'ENO FRUIT SALT','1 TEASPOON ',112);

INSERT INTO INGREDIENT(ING_ID,INGREDIENT_NAME,QUANTITY,RECIPE_ID)
VALUES (1129,'OIL','1 TEASPOON ',112);

INSERT INTO INGREDIENT(ING_ID,INGREDIENT_NAME,QUANTITY,RECIPE_ID)
VALUES (1130,'ASAFOETIDA','1 PINCH ',112);


INSERT INTO INGREDIENT(ING_ID,INGREDIENT_NAME,QUANTITY,RECIPE_ID)
VALUES (1131,'Basmati rice','2 1/2 cup',113);

INSERT INTO INGREDIENT(ING_ID,INGREDIENT_NAME,QUANTITY,RECIPE_ID)
VALUES (1132,'sesame oil','5 Tbsp ',113);

INSERT INTO INGREDIENT(ING_ID,INGREDIENT_NAME,QUANTITY,RECIPE_ID)
VALUES (1133,' fenugreek seeds','1/2 Tbsp ',113);

INSERT INTO INGREDIENT(ING_ID,INGREDIENT_NAME,QUANTITY,RECIPE_ID)
VALUES (1134,' urad dal','1 1/2 cup ',113);

INSERT INTO INGREDIENT(ING_ID,INGREDIENT_NAME,QUANTITY,RECIPE_ID)
VALUES (3111,'Tri-colored spiral pasta','1 pound',311);

INSERT INTO INGREDIENT(ING_ID,INGREDIENT_NAME,QUANTITY,RECIPE_ID)
VALUES (3112,'Salad seasoning mix','6 Tbsp ',311);

INSERT INTO INGREDIENT(ING_ID,INGREDIENT_NAME,QUANTITY,RECIPE_ID)
VALUES (3113,'Italian-style salad dressing','1 (16 ounce) bottle ',311);

INSERT INTO INGREDIENT(ING_ID,INGREDIENT_NAME,QUANTITY,RECIPE_ID)
VALUES (3114,'Cherry tomatoes, diced','2 cup',311);

INSERT INTO INGREDIENT(ING_ID,INGREDIENT_NAME,QUANTITY,RECIPE_ID)
VALUES (3115,'Green bell pepper, chopped','1',311);

INSERT INTO INGREDIENT(ING_ID,INGREDIENT_NAME,QUANTITY,RECIPE_ID)
VALUES (3116,'Black olives, chopped','1 (2.25 ounce) ',311);

INSERT INTO INGREDIENT(ING_ID,INGREDIENT_NAME,QUANTITY,RECIPE_ID)
VALUES (3121,'All-purpose flour','2 cups',312);

INSERT INTO INGREDIENT(ING_ID,INGREDIENT_NAME,QUANTITY,RECIPE_ID)
VALUES (3122,'Baking powder','2 Tbsp ',312);

INSERT INTO INGREDIENT(ING_ID,INGREDIENT_NAME,QUANTITY,RECIPE_ID)
VALUES (3123,'Salt','1/2 Tbsp ',312);

INSERT INTO INGREDIENT(ING_ID,INGREDIENT_NAME,QUANTITY,RECIPE_ID)
VALUES (3124,'White Sugar','2 cups',312);

INSERT INTO INGREDIENT(ING_ID,INGREDIENT_NAME,QUANTITY,RECIPE_ID)
VALUES (3125,'Egg','1 ',312);

INSERT INTO INGREDIENT(ING_ID,INGREDIENT_NAME,QUANTITY,RECIPE_ID)
VALUES (3126,'Milk','1 cup',312);

INSERT INTO INGREDIENT(ING_ID,INGREDIENT_NAME,QUANTITY,RECIPE_ID)
VALUES (3127,'Vegetable oil','1/4 cup',312);

INSERT INTO INGREDIENT(ING_ID,INGREDIENT_NAME,QUANTITY,RECIPE_ID)
VALUES (4111,'Whole oat groats','1 cup',411);

INSERT INTO INGREDIENT(ING_ID,INGREDIENT_NAME,QUANTITY,RECIPE_ID)
VALUES (4112,'Water','3 cups',411);

INSERT INTO INGREDIENT(ING_ID,INGREDIENT_NAME,QUANTITY,RECIPE_ID)
VALUES (4113,'salt','1/4 Tbsp ',411);

INSERT INTO INGREDIENT(ING_ID,INGREDIENT_NAME,QUANTITY,RECIPE_ID)
VALUES (4114,'Cinnamon','1/4 pinch',411);

INSERT INTO INGREDIENT(ING_ID,INGREDIENT_NAME,QUANTITY,RECIPE_ID)
VALUES (4115,'Cardamom','1/4 pinch ',411);

INSERT INTO INGREDIENT(ING_ID,INGREDIENT_NAME,QUANTITY,RECIPE_ID)
VALUES (4121,'Bread','2 slices',412);

INSERT INTO INGREDIENT(ING_ID,INGREDIENT_NAME,QUANTITY,RECIPE_ID)
VALUES (4122,'Banana','1',412);

INSERT INTO INGREDIENT(ING_ID,INGREDIENT_NAME,QUANTITY,RECIPE_ID)
VALUES (4123,'Cinnamon','1/2 Tbsp ',412);

INSERT INTO INGREDIENT(ING_ID,INGREDIENT_NAME,QUANTITY,RECIPE_ID)
VALUES (4124,'Crunchy peanut butter','1 Tbsp ',412);

INSERT INTO INGREDIENT(ING_ID,INGREDIENT_NAME,QUANTITY,RECIPE_ID)
VALUES (4131,'SALT','1/2 SPOONS',413);

INSERT INTO INGREDIENT(ING_ID,INGREDIENT_NAME,QUANTITY,RECIPE_ID)
VALUES (4132,'Egg','1 ',413);

INSERT INTO INGREDIENT(ING_ID,INGREDIENT_NAME,QUANTITY,RECIPE_ID)
VALUES (4133,'Onion','1 ',413);

INSERT INTO INGREDIENT(ING_ID,INGREDIENT_NAME,QUANTITY,RECIPE_ID)
VALUES (4134,'Chilli powder','1/2 pinch ',413);

INSERT INTO INGREDIENT(ING_ID,INGREDIENT_NAME,QUANTITY,RECIPE_ID)
VALUES (2111,'Rava','1/2 kg',211);

INSERT INTO INGREDIENT(ING_ID,INGREDIENT_NAME,QUANTITY,RECIPE_ID)
VALUES (2112,'TOMOTO','1 ',211);

INSERT INTO INGREDIENT(ING_ID,INGREDIENT_NAME,QUANTITY,RECIPE_ID)
VALUES (2113,'Onion','1 ',211);

INSERT INTO INGREDIENT(ING_ID,INGREDIENT_NAME,QUANTITY,RECIPE_ID)
VALUES (2114,'SALT','1/2 SPOONS',212);

INSERT INTO INGREDIENT(ING_ID,INGREDIENT_NAME,QUANTITY,RECIPE_ID)
VALUES (2121,'SALT','1/2 SPOONS',212);

INSERT INTO INGREDIENT(ING_ID,INGREDIENT_NAME,QUANTITY,RECIPE_ID)
VALUES (2122,'Semya','1/2 kg ',212);

INSERT INTO INGREDIENT(ING_ID,INGREDIENT_NAME,QUANTITY,RECIPE_ID)
VALUES (2123,'Onion','1 ',212);

INSERT INTO INGREDIENT(ING_ID,INGREDIENT_NAME,QUANTITY,RECIPE_ID)
VALUES (2124,'Tomato','1',212);

INSERT INTO INGREDIENT(ING_ID,INGREDIENT_NAME,QUANTITY,RECIPE_ID)
VALUES (5111,'Whole grain bread','2 slices',511);

INSERT INTO INGREDIENT(ING_ID,INGREDIENT_NAME,QUANTITY,RECIPE_ID)
VALUES (5112,'Hummus','1 Tbsp',511);

INSERT INTO INGREDIENT(ING_ID,INGREDIENT_NAME,QUANTITY,RECIPE_ID)
VALUES (5113,'Tomato','2 slices ',511);

INSERT INTO INGREDIENT(ING_ID,INGREDIENT_NAME,QUANTITY,RECIPE_ID)
VALUES (5114,'Low-fat cheese','1 slices ',511);

INSERT INTO INGREDIENT(ING_ID,INGREDIENT_NAME,QUANTITY,RECIPE_ID)
VALUES (5115,'Cucumber','1/2 slices ',511);

INSERT INTO INGREDIENT(ING_ID,INGREDIENT_NAME,QUANTITY,RECIPE_ID)
VALUES (5121,'Onion','1 slices',512);

INSERT INTO INGREDIENT(ING_ID,INGREDIENT_NAME,QUANTITY,RECIPE_ID)
VALUES (5122,'Cheese','4 slices ',512);

INSERT INTO INGREDIENT(ING_ID,INGREDIENT_NAME,QUANTITY,RECIPE_ID)
VALUES (5123,'Ginger','3 ',512);

INSERT INTO INGREDIENT(ING_ID,INGREDIENT_NAME,QUANTITY,RECIPE_ID)
VALUES (5124,'Bun','2 slices ',512);

INSERT INTO INGREDIENT(ING_ID,INGREDIENT_NAME,QUANTITY,RECIPE_ID)
VALUES (5125,'Butter','3 Tbsp ',512);

INSERT INTO INGREDIENT(ING_ID,INGREDIENT_NAME,QUANTITY,RECIPE_ID)
VALUES (6111,'Chicken','1/2 kg',611);

INSERT INTO INGREDIENT(ING_ID,INGREDIENT_NAME,QUANTITY,RECIPE_ID)
VALUES (6112,'Rice ','1 Kg ',611);

INSERT INTO INGREDIENT(ING_ID,INGREDIENT_NAME,QUANTITY,RECIPE_ID)
VALUES (6113,'Onion','3',611);

INSERT INTO INGREDIENT(ING_ID,INGREDIENT_NAME,QUANTITY,RECIPE_ID)
VALUES (6114,'Salt','1 spoons',611);

INSERT INTO INGREDIENT(ING_ID,INGREDIENT_NAME,QUANTITY,RECIPE_ID)
VALUES (6121,'Chicken','1/2 kg',612);

INSERT INTO INGREDIENT(ING_ID,INGREDIENT_NAME,QUANTITY,RECIPE_ID)
VALUES (6122,'Tandoori masala','2 spoons ',612);

INSERT INTO INGREDIENT(ING_ID,INGREDIENT_NAME,QUANTITY,RECIPE_ID)
VALUES (6123,'Ginger garlic paste','1 cup ',612);

INSERT INTO INGREDIENT(ING_ID,INGREDIENT_NAME,QUANTITY,RECIPE_ID)
VALUES (6124,'Salt','1 Spoons ',612);

INSERT INTO INSTRUCTION (INSTRUCT_ID,INSTRUCTION,INSTRUCTION_NO,RECIPE_ID)
VALUES (11111,'Get a Bun',1,111);

INSERT INTO INSTRUCTION (INSTRUCT_ID,INSTRUCTION,INSTRUCTION_NO,RECIPE_ID)
VALUES (11112,'Take all the vegetables listed in the ingredients. Wash them in running water and cut them into small pieces.
',2,111);

INSERT INTO INSTRUCTION (INSTRUCT_ID,INSTRUCTION,INSTRUCTION_NO,RECIPE_ID)
VALUES (11113,'Transfer chopped potato, cauliflower, carrot and green peas into a 2-3 liter capacity pressure cooker. Add 1/2 cup water and salt to taste.',3,111);

INSERT INTO INSTRUCTION (INSTRUCT_ID,INSTRUCTION,INSTRUCTION_NO,RECIPE_ID)
VALUES (19911,'Mash the boiled vegetables gently with potato masher or using the backside of a large spoon until little chunky texture. You can mash cooked veggies into a texture you like – with small chunks or smooth with no chunks at all.',4,111);


INSERT INTO INSTRUCTION (INSTRUCT_ID,INSTRUCTION,INSTRUCTION_NO,RECIPE_ID)
VALUES (19912,'Heat 2-tablespoons oil and 2-tablespoons butter together in a pan over medium flame. Add chopped onion and ginger-garlic paste. Sauté until onion turns translucent.',5,111);


INSERT INTO INSTRUCTION (INSTRUCT_ID,INSTRUCTION,INSTRUCTION_NO,RECIPE_ID)
VALUES (19913,'Add chopped capsicum, chopped tomato and salt.',6,111);


INSERT INTO INSTRUCTION (INSTRUCT_ID,INSTRUCTION,INSTRUCTION_NO,RECIPE_ID)
VALUES (19914,'Sauté until tomatoes and capsicum turn soft.',7,111);


INSERT INTO INSTRUCTION (INSTRUCT_ID,INSTRUCTION,INSTRUCTION_NO,RECIPE_ID)
VALUES (19915,'Add 1½ teaspoons red chilli powder, 1/4 teaspoon turmeric powder, 1-teaspoon cumin-coriander powder and 1-teaspoon readymade pav bhaji masala powder.',8,111);


INSERT INTO INSTRUCTION (INSTRUCT_ID,INSTRUCTION,INSTRUCTION_NO,RECIPE_ID)
VALUES (19916,'Stir and cook for a minute.',9,111);


INSERT INTO INSTRUCTION (INSTRUCT_ID,INSTRUCTION,INSTRUCTION_NO,RECIPE_ID)
VALUES (19917,'Add 3/4 cup water, mix well and cook for 2-3 minutes.',10,111);


INSERT INTO INSTRUCTION (INSTRUCT_ID,INSTRUCTION,INSTRUCTION_NO,RECIPE_ID)
VALUES (19918,'Add boiled and mashed vegetables and 1-teaspoon lemon juice.',11,111);


INSERT INTO INSTRUCTION (INSTRUCT_ID,INSTRUCTION,INSTRUCTION_NO,RECIPE_ID)
VALUES (19919,'Mix well and cook for 4-5 minutes. Taste for the salt at this stage and add more if required. Turn off the flame. Add chopped coriander leaves and mix well. Bhaji is ready for serving.',12,111);


INSERT INTO INSTRUCTION (INSTRUCT_ID,INSTRUCTION,INSTRUCTION_NO,RECIPE_ID)
VALUES (19920,'Cut the pav buns horizontally into halves. Heat tava over medium flame. Add a tablespoon of butter and place halved pav buns over it. Shallow fry both sides until light brown spots appear, it will take around 30 seconds for each side to turn light brown. Transfer to the plate. Shallow fry remaining pavs.',13,111);


INSERT INTO INSTRUCTION (INSTRUCT_ID,INSTRUCTION,INSTRUCTION_NO,RECIPE_ID)
VALUES (19921,'Transfer prepared bhaji to a serving bowl and garnish with a cube of butter. Serve hot with butter roasted pav, sliced onion and lemon wedges.',14,111);





INSERT INTO INSTRUCTION (INSTRUCT_ID,INSTRUCTION,INSTRUCTION_NO,RECIPE_ID)
VALUES (1111121,'Take all ingredients to prepare batter. Pour approx. 2-3 cups water in steamer at bottom and heat it over medium flame. Make sure that steamer is at least 4-5 minutes heated before placing the plates (filled with batter) in it. Grease 2 small plates or thalis (4-5 inch diameter) using 1-teaspoon oil.
',1,112);


INSERT INTO INSTRUCTION (INSTRUCT_ID,INSTRUCTION,INSTRUCTION_NO,RECIPE_ID)
VALUES (1111122,'Take 1 cup gram flour, 1 tablespoon semolina(sooji/rava), 1½ teaspoons lemon juice, 1 teaspoons green chilli-ginger paste, 1/4 cup curd, 3/4 cup water and salt in a bowl. Mix them properly into smooth batter. Make sure that there are no lumps.
',2,112);


INSERT INTO INSTRUCTION (INSTRUCT_ID,INSTRUCTION,INSTRUCTION_NO,RECIPE_ID)
VALUES (1111123,'Add 1 teaspoon fruit salt in batter and stir in one direction for approx. 1 minute. You will notice its size would increase to almost double.',3,112);


INSERT INTO INSTRUCTION (INSTRUCT_ID,INSTRUCTION,INSTRUCTION_NO,RECIPE_ID)
VALUES (1111124,'Now, pour batter immediately into each greased plate and fill it upto 1/2-inch thickness.',4,112);


INSERT INTO INSTRUCTION (INSTRUCT_ID,INSTRUCTION,INSTRUCTION_NO,RECIPE_ID)
VALUES (1111125,'Place plates in steamer and steam for 10-12 minutes over medium flame.',5,112);


INSERT INTO INSTRUCTION (INSTRUCT_ID,INSTRUCTION,INSTRUCTION_NO,RECIPE_ID)
VALUES (1111126,'After 10-12 minutes, insert a knife or toothpick into dhokla and check if it comes out clean. If it does, then it is ready otherwise cook 2-3 minutes more.
',6,112);


INSERT INTO INSTRUCTION (INSTRUCT_ID,INSTRUCTION,INSTRUCTION_NO,RECIPE_ID)
VALUES (1111127,'Takeout plates from steamer and let them cool for few minutes. Cut fluffy khaman dhokla into small squares using knife.',7,112);


INSERT INTO INSTRUCTION (INSTRUCT_ID,INSTRUCTION,INSTRUCTION_NO,RECIPE_ID)
VALUES (1111128,'Heat 2 tablespoons oil in a small pan or tempering pan. Add1/2 teaspoon mustard seeds and a pinch of asafoetida (hing). When seeds begin to crackle, add 1/2 teaspoon cumin seeds, 1 teaspoon sesame seeds, 10-15 curry leaves and 4 green chillies. Sauté them for few seconds.',8,112);


INSERT INTO INSTRUCTION (INSTRUCT_ID,INSTRUCTION,INSTRUCTION_NO,RECIPE_ID)
VALUES (1111129,'Add 1/3 cup water and 1 tablespoon sugar and bring it to a boil; let it cook for a minute over high flame. Tempering(tadka) is ready, pour it over dhoklas and toss gently until each dhokla is coated well with tempering.',9,112);


INSERT INTO INSTRUCTION (INSTRUCT_ID,INSTRUCTION,INSTRUCTION_NO,RECIPE_ID)
VALUES (1111130,'Garnish with 2 tablespoons chopped coriander leaves and 2 tablespoons grated coconut. Serve with green coriander chutney.
',10,112);



INSERT INTO INSTRUCTION (INSTRUCT_ID,INSTRUCTION,INSTRUCTION_NO,RECIPE_ID)
VALUES (11131,'GET A DOSA BATTER',1,113);

INSERT INTO INSTRUCTION (INSTRUCT_ID,INSTRUCTION,INSTRUCTION_NO,RECIPE_ID)
VALUES (11132,'MAKE ONION AND TOMOTO GRAVY',2,113);

INSERT INTO INSTRUCTION (INSTRUCT_ID,INSTRUCTION,INSTRUCTION_NO,RECIPE_ID)
VALUES (11133,'HEAT FOR 15 MINUTES',3,113);

INSERT INTO INSTRUCTION (INSTRUCT_ID,INSTRUCTION,INSTRUCTION_NO,RECIPE_ID)
VALUES (31111,'GET A PASTA',1,311);

INSERT INTO INSTRUCTION (INSTRUCT_ID,INSTRUCTION,INSTRUCTION_NO,RECIPE_ID)
VALUES (31112,'MAKE ONION AND TOMOTO GRAVY',2,311);

INSERT INTO INSTRUCTION (INSTRUCT_ID,INSTRUCTION,INSTRUCTION_NO,RECIPE_ID)
VALUES (31113,'HEAT FOR 25 MINUTES',3,311);

INSERT INTO INSTRUCTION (INSTRUCT_ID,INSTRUCTION,INSTRUCTION_NO,RECIPE_ID)
VALUES (31121,'GET A PLANE CAKE',1,312);

INSERT INTO INSTRUCTION (INSTRUCT_ID,INSTRUCTION,INSTRUCTION_NO,RECIPE_ID)
VALUES (31122,'MAKE CHOCOLATE PASTE',2,312);

INSERT INTO INSTRUCTION (INSTRUCT_ID,INSTRUCTION,INSTRUCTION_NO,RECIPE_ID)
VALUES (31123,'HEAT FOR 25 MINUTES',3,312);

INSERT INTO INSTRUCTION (INSTRUCT_ID,INSTRUCTION,INSTRUCTION_NO,RECIPE_ID)
VALUES (41111,'GET A OATS',1,411);

INSERT INTO INSTRUCTION (INSTRUCT_ID,INSTRUCTION,INSTRUCTION_NO,RECIPE_ID)
VALUES (41112,'MAKE ONION AND TOMOTO GRAVY',2,411);

INSERT INTO INSTRUCTION (INSTRUCT_ID,INSTRUCTION,INSTRUCTION_NO,RECIPE_ID)
VALUES (41113,'HEAT FOR 25 MINUTES',3,411);

INSERT INTO INSTRUCTION (INSTRUCT_ID,INSTRUCTION,INSTRUCTION_NO,RECIPE_ID)
VALUES (41121,'GET A BANANA AND BUTTER',1,412);

INSERT INTO INSTRUCTION (INSTRUCT_ID,INSTRUCTION,INSTRUCTION_NO,RECIPE_ID)
VALUES (41122,'MAKE PIECES',2,412);

INSERT INTO INSTRUCTION (INSTRUCT_ID,INSTRUCTION,INSTRUCTION_NO,RECIPE_ID)
VALUES (41123,'HEAT FOR 25 MINUTES',3,412);

INSERT INTO INSTRUCTION (INSTRUCT_ID,INSTRUCTION,INSTRUCTION_NO,RECIPE_ID)
VALUES (41131,'GET A EGG',1,413);

INSERT INTO INSTRUCTION (INSTRUCT_ID,INSTRUCTION,INSTRUCTION_NO,RECIPE_ID)
VALUES (41132,'MAKE ONION,TOMATO AND CHILIES PIECES',2,413);

INSERT INTO INSTRUCTION (INSTRUCT_ID,INSTRUCTION,INSTRUCTION_NO,RECIPE_ID)
VALUES (41133,'HEAT FOR 25 MINUTES',3,413);

INSERT INTO INSTRUCTION (INSTRUCT_ID,INSTRUCTION,INSTRUCTION_NO,RECIPE_ID)
VALUES (21111,'GET A RAVA',1,211);

INSERT INTO INSTRUCTION (INSTRUCT_ID,INSTRUCTION,INSTRUCTION_NO,RECIPE_ID)
VALUES (21112,'MAKE ONION AND TOMATO',2,211);

INSERT INTO INSTRUCTION (INSTRUCT_ID,INSTRUCTION,INSTRUCTION_NO,RECIPE_ID)
VALUES (21113,'HEAT FOR 20 MINUTES',1,211);

INSERT INTO INSTRUCTION (INSTRUCT_ID,INSTRUCTION,INSTRUCTION_NO,RECIPE_ID)
VALUES (21121,'GET A SEMYA',1,212);

INSERT INTO INSTRUCTION (INSTRUCT_ID,INSTRUCTION,INSTRUCTION_NO,RECIPE_ID)
VALUES (21122,'MAKE ONION AND TOMATO',2,212);

INSERT INTO INSTRUCTION (INSTRUCT_ID,INSTRUCTION,INSTRUCTION_NO,RECIPE_ID)
VALUES (21123,'HEAT FOR 20 MINUTES',1,212);

INSERT INTO INSTRUCTION (INSTRUCT_ID,INSTRUCTION,INSTRUCTION_NO,RECIPE_ID)
VALUES (51111,'GET A BREAD',1,511);

INSERT INTO INSTRUCTION (INSTRUCT_ID,INSTRUCTION,INSTRUCTION_NO,RECIPE_ID)
VALUES (51112,'MAKE ONION AND TOMATO',2,511);

INSERT INTO INSTRUCTION (INSTRUCT_ID,INSTRUCTION,INSTRUCTION_NO,RECIPE_ID)
VALUES (51113,'HEAT FOR 20 MINUTES',1,511);

INSERT INTO INSTRUCTION (INSTRUCT_ID,INSTRUCTION,INSTRUCTION_NO,RECIPE_ID)
VALUES (51121,'GET A BUN AND CHICKEN MADRIGENT',1,512);

INSERT INTO INSTRUCTION (INSTRUCT_ID,INSTRUCTION,INSTRUCTION_NO,RECIPE_ID)
VALUES (51122,'MAKE ONION AND TOMATO',2,512);

INSERT INTO INSTRUCTION (INSTRUCT_ID,INSTRUCTION,INSTRUCTION_NO,RECIPE_ID)
VALUES (51123,'HEAT FOR 30 MINUTES',1,512);

INSERT INTO INSTRUCTION (INSTRUCT_ID,INSTRUCTION,INSTRUCTION_NO,RECIPE_ID)
VALUES (61111,'GET A CHICKEN, AND RICE',1,611);

INSERT INTO INSTRUCTION (INSTRUCT_ID,INSTRUCTION,INSTRUCTION_NO,RECIPE_ID)
VALUES (61112,'MAKE ONION AND TOMATO',2,611);

INSERT INTO INSTRUCTION (INSTRUCT_ID,INSTRUCTION,INSTRUCTION_NO,RECIPE_ID)
VALUES (61113,'HEAT FOR 45 MINUTES',3,611);

INSERT INTO INSTRUCTION (INSTRUCT_ID,INSTRUCTION,INSTRUCTION_NO,RECIPE_ID)
VALUES (61121,'GET A CHICKEN AND MASALA ',1,612);

INSERT INTO INSTRUCTION (INSTRUCT_ID,INSTRUCTION,INSTRUCTION_NO,RECIPE_ID)
VALUES (61122,'MAKE MALASA WITH GINGER GARLIC PASTE',2,612);

INSERT INTO INSTRUCTION (INSTRUCT_ID,INSTRUCTION,INSTRUCTION_NO,RECIPE_ID)
VALUES (61123,'HEAT FOR 50 MINUTES',3,612);




