
insert  into FOOD_MOODS(food_mood_id,name)
VALUES (1 ,'HAPPY');
insert  into FOOD_MOODS(food_mood_id,name)
VALUES (2 ,'SAD');
insert  into FOOD_MOODS(food_mood_id,name)
VALUES (3 ,'CELEBERATION');
insert  into FOOD_MOODS(food_mood_id,name)
VALUES (4 ,'TIRED');
insert  into FOOD_MOODS(food_mood_id,name)
VALUES (5 ,'TENSED');
insert  into FOOD_MOODS(food_mood_id,name)
VALUES (6 ,'HUNGRY');

INSERT INTO RECIPE(RECIPE_ID,PREPTIME)
VALUES (111,'40 minutes');
INSERT INTO RECIPE(RECIPE_ID,PREPTIME)
VALUES (112,'40 minutes');
INSERT INTO RECIPE(RECIPE_ID,PREPTIME)
VALUES (113,'40 minutes');
INSERT INTO RECIPE(RECIPE_ID,PREPTIME)
VALUES (311,'40 minutes');
INSERT INTO RECIPE(RECIPE_ID,PREPTIME)
VALUES (312,'40 minutes');
INSERT INTO RECIPE(RECIPE_ID,PREPTIME)
VALUES (411,'40 minutes');
INSERT INTO RECIPE(RECIPE_ID,PREPTIME)
VALUES (412,'40 minutes');
INSERT INTO RECIPE(RECIPE_ID,PREPTIME)
VALUES (413,'40 minutes');
INSERT INTO RECIPE(RECIPE_ID,PREPTIME)
VALUES (211,'40 minutes');
INSERT INTO RECIPE(RECIPE_ID,PREPTIME)
VALUES (212,'40 minutes');
INSERT INTO RECIPE(RECIPE_ID,PREPTIME)
VALUES (511,'40 minutes');
INSERT INTO RECIPE(RECIPE_ID,PREPTIME)
VALUES (512,'40 minutes');
INSERT INTO RECIPE(RECIPE_ID,PREPTIME)
VALUES (611,'40 minutes');
INSERT INTO RECIPE(RECIPE_ID,PREPTIME)
VALUES (612,'40 minutes');


INSERT INTO FOOD(food_id,food_name,image_url,foodmood_id,recipe_id)
VALUES (1,'PAAV BHAJI','https://encrypted-tbn0.gstatic.com/images?q=tbn:ANd9GcT54vxH2qFQaaEuX_oTzFOMfHrNrcRYg1JA_w&usqp=CAU',1,111);

INSERT INTO FOOD(food_id,food_name,image_url,foodmood_id,recipe_id)
VALUES (2,'DHOKLA','https://encrypted-tbn0.gstatic.com/images?q=tbn:ANd9GcTVfoCePSRQz49hiSVzTp9Po4yCF0EyojeKKw&usqp=CAU',1,112);

INSERT INTO FOOD(food_id,food_name,image_url,foodmood_id,recipe_id)
VALUES (3,'IDLI','https://encrypted-tbn0.gstatic.com/images?q=tbn:ANd9GcRHZssxU5c8QefRVTXp9Ta_9aGvDdr5ZyAiAQ&usqp=CAU',1,113);

INSERT INTO FOOD(food_id,food_name,image_url,foodmood_id,recipe_id)
VALUES (4,'PASTA SALADS','https://encrypted-tbn0.gstatic.com/images?q=tbn:ANd9GcQt3y5QF9d6FpDrZKCMVO4s8BWVaqXuYh_VBw&usqp=CAU',3,311);

INSERT INTO FOOD(food_id,food_name,image_url,foodmood_id,recipe_id)
VALUES (5,'Muffins','https://encrypted-tbn0.gstatic.com/images?q=tbn:ANd9GcS29SuQHRYcBpCKRMY5odSQHzaJYlHzrSv4ng&usqp=CAU',3,312);

INSERT INTO FOOD(food_id,food_name,image_url,foodmood_id,recipe_id)
VALUES (6,'Oats Meal','https://encrypted-tbn0.gstatic.com/images?q=tbn:ANd9GcR6u5lJplb1FpuORrSRlqdTCaLC_ASA_5_JYA&usqp=CAU',4,411);

INSERT INTO FOOD(food_id,food_name,image_url,foodmood_id,recipe_id)
VALUES (7,'Sliced Banana and Peanut Butter','https://encrypted-tbn0.gstatic.com/images?q=tbn:ANd9GcTTdiNo6Toy33pTzoli5sfX8aegEq7oeMegwQ&usqp=CAU',4,412);

INSERT INTO FOOD(food_id,food_name,image_url,foodmood_id,recipe_id)
VALUES (8,'Omlet','http://3.bp.blogspot.com/-OExKhSnyXZA/TYdNMY2kXXI/AAAAAAAAKBg/aPl-mRtG9Sk/s1600/Cheese%2Bomlate5P1010135.jpg',4,413);

INSERT INTO FOOD(food_id,food_name,image_url,foodmood_id,recipe_id)
VALUES (9,'Upma','https://encrypted-tbn0.gstatic.com/images?q=tbn:ANd9GcT5R9e22CqIgL_QC1T0Z-RqCPNh_pgmOeJ3sw&usqp=CAU',2,211);

INSERT INTO FOOD(food_id,food_name,image_url,foodmood_id,recipe_id)
VALUES (10,'Semya Upma','https://www.sandyathome.com/wp-content/uploads/2016/11/IMG_1072-750x500.jpg',2,212);

INSERT INTO FOOD(food_id,food_name,image_url,foodmood_id,recipe_id)
VALUES (11,'sandwiches','https://www.oetker.in/Recipe/Recipes/oetker.in/in-en/sandwiches/image-thumb__52604__RecipeDetail/sandwicheto.jpg',5,511);

INSERT INTO FOOD(food_id,food_name,image_url,foodmood_id,recipe_id)
VALUES (12,'Burger','https://www.tasteofhome.com/wp-content/uploads/2020/03/Smash-Burgers_EXPS_TOHcom20_246232_B10_06_10b.jpg',5,512);

INSERT INTO FOOD(food_id,food_name,image_url,foodmood_id,recipe_id)
VALUES (13,'Biryani','https://simmertoslimmer.com/wp-content/uploads/2018/01/South-Indian-chicken-biryani-500x500.jpg',6,611);

INSERT INTO FOOD(food_id,food_name,image_url,foodmood_id,recipe_id)
VALUES (14,'Tandoori Chicken','https://www.whiskaffair.com/wp-content/uploads/2021/04/Tandoori-Chicken-2-3-500x375.jpg',6,612);

INSERT INTO INGREDIENT(ING_ID,INGREDIENT_NAME,QUANTITY,RECIPE_ID)
VALUES (1111,'SALT','1/2 SPOONS',111);

INSERT INTO INGREDIENT(ING_ID,INGREDIENT_NAME,QUANTITY,RECIPE_ID)
VALUES (1112,'TOMOTO','5 ',111);

INSERT INTO INGREDIENT(ING_ID,INGREDIENT_NAME,QUANTITY,RECIPE_ID)
VALUES (1113,'POTATO','3 ',111);

INSERT INTO INGREDIENT(ING_ID,INGREDIENT_NAME,QUANTITY,RECIPE_ID)
VALUES (1121,'SALT','1/2 SPOONS',112);

INSERT INTO INGREDIENT(ING_ID,INGREDIENT_NAME,QUANTITY,RECIPE_ID)
VALUES (1122,'RAVA','5 CUP',112);

INSERT INTO INGREDIENT(ING_ID,INGREDIENT_NAME,QUANTITY,RECIPE_ID)
VALUES (1123,'ONION','3 ',112);

INSERT INTO INGREDIENT(ING_ID,INGREDIENT_NAME,QUANTITY,RECIPE_ID)
VALUES (1131,'SALT','1/2 SPOONS',113);

INSERT INTO INGREDIENT(ING_ID,INGREDIENT_NAME,QUANTITY,RECIPE_ID)
VALUES (1132,'SODA','1/2 SPOONS ',113);

INSERT INTO INGREDIENT(ING_ID,INGREDIENT_NAME,QUANTITY,RECIPE_ID)
VALUES (1133,'IDLY BATTER','3 ',113);

INSERT INTO INGREDIENT(ING_ID,INGREDIENT_NAME,QUANTITY,RECIPE_ID)
VALUES (3111,'SALT','1/2 SPOONS',311);

INSERT INTO INGREDIENT(ING_ID,INGREDIENT_NAME,QUANTITY,RECIPE_ID)
VALUES (3112,'TOMOTO','5 ',311);

INSERT INTO INGREDIENT(ING_ID,INGREDIENT_NAME,QUANTITY,RECIPE_ID)
VALUES (3113,'POTATO','3 ',311);

INSERT INTO INGREDIENT(ING_ID,INGREDIENT_NAME,QUANTITY,RECIPE_ID)
VALUES (3121,'SALT','1/2 SPOONS',312);

INSERT INTO INGREDIENT(ING_ID,INGREDIENT_NAME,QUANTITY,RECIPE_ID)
VALUES (3122,'TOMOTO','5 ',312);

INSERT INTO INGREDIENT(ING_ID,INGREDIENT_NAME,QUANTITY,RECIPE_ID)
VALUES (3123,'POTATO','3 ',312);

INSERT INTO INGREDIENT(ING_ID,INGREDIENT_NAME,QUANTITY,RECIPE_ID)
VALUES (4111,'SALT','1/2 SPOONS',411);

INSERT INTO INGREDIENT(ING_ID,INGREDIENT_NAME,QUANTITY,RECIPE_ID)
VALUES (4112,'TOMOTO','5 ',411);

INSERT INTO INGREDIENT(ING_ID,INGREDIENT_NAME,QUANTITY,RECIPE_ID)
VALUES (4113,'POTATO','3 ',411);

INSERT INTO INGREDIENT(ING_ID,INGREDIENT_NAME,QUANTITY,RECIPE_ID)
VALUES (4121,'SALT','1/2 SPOONS',412);

INSERT INTO INGREDIENT(ING_ID,INGREDIENT_NAME,QUANTITY,RECIPE_ID)
VALUES (4122,'TOMOTO','5 ',412);

INSERT INTO INGREDIENT(ING_ID,INGREDIENT_NAME,QUANTITY,RECIPE_ID)
VALUES (4123,'POTATO','3 ',412);

INSERT INTO INGREDIENT(ING_ID,INGREDIENT_NAME,QUANTITY,RECIPE_ID)
VALUES (4131,'SALT','1/2 SPOONS',413);

INSERT INTO INGREDIENT(ING_ID,INGREDIENT_NAME,QUANTITY,RECIPE_ID)
VALUES (4132,'TOMOTO','5 ',413);

INSERT INTO INGREDIENT(ING_ID,INGREDIENT_NAME,QUANTITY,RECIPE_ID)
VALUES (4133,'POTATO','3 ',413);

INSERT INTO INGREDIENT(ING_ID,INGREDIENT_NAME,QUANTITY,RECIPE_ID)
VALUES (5111,'SALT','1/2 SPOONS',511);

INSERT INTO INGREDIENT(ING_ID,INGREDIENT_NAME,QUANTITY,RECIPE_ID)
VALUES (5112,'TOMOTO','5 ',511);

INSERT INTO INGREDIENT(ING_ID,INGREDIENT_NAME,QUANTITY,RECIPE_ID)
VALUES (5113,'POTATO','3 ',511);

INSERT INTO INGREDIENT(ING_ID,INGREDIENT_NAME,QUANTITY,RECIPE_ID)
VALUES (5121,'SALT','1/2 SPOONS',512);

INSERT INTO INGREDIENT(ING_ID,INGREDIENT_NAME,QUANTITY,RECIPE_ID)
VALUES (5122,'TOMOTO','5 ',512);

INSERT INTO INGREDIENT(ING_ID,INGREDIENT_NAME,QUANTITY,RECIPE_ID)
VALUES (5123,'POTATO','3 ',512);

INSERT INTO INGREDIENT(ING_ID,INGREDIENT_NAME,QUANTITY,RECIPE_ID)
VALUES (6111,'SALT','1/2 SPOONS',611);

INSERT INTO INGREDIENT(ING_ID,INGREDIENT_NAME,QUANTITY,RECIPE_ID)
VALUES (6112,'TOMOTO','5 ',611);

INSERT INTO INGREDIENT(ING_ID,INGREDIENT_NAME,QUANTITY,RECIPE_ID)
VALUES (6113,'POTATO','3 ',611);

INSERT INTO INGREDIENT(ING_ID,INGREDIENT_NAME,QUANTITY,RECIPE_ID)
VALUES (6121,'SALT','1/2 SPOONS',612);

INSERT INTO INGREDIENT(ING_ID,INGREDIENT_NAME,QUANTITY,RECIPE_ID)
VALUES (6122,'TOMOTO','5 ',612);

INSERT INTO INGREDIENT(ING_ID,INGREDIENT_NAME,QUANTITY,RECIPE_ID)
VALUES (6123,'POTATO','3 ',612);

INSERT INTO INSTRUCTION (INSTRUCT_ID,INSTRUCTION,INSTRUCTION_NO,RECIPE_ID)
VALUES (11111,'GET A BUN',1,111);

INSERT INTO INSTRUCTION (INSTRUCT_ID,INSTRUCTION,INSTRUCTION_NO,RECIPE_ID)
VALUES (11112,'MAKE ONION AND TOMOTO GRAVY',2,111);

INSERT INTO INSTRUCTION (INSTRUCT_ID,INSTRUCTION,INSTRUCTION_NO,RECIPE_ID)
VALUES (11113,'HEAT FOR 15 MINUTES',3,111);

INSERT INTO INSTRUCTION (INSTRUCT_ID,INSTRUCTION,INSTRUCTION_NO,RECIPE_ID)
VALUES (11121,'GET A RAVA',1,112);

INSERT INTO INSTRUCTION (INSTRUCT_ID,INSTRUCTION,INSTRUCTION_NO,RECIPE_ID)
VALUES (11122,'MAKE ONION AND TOMOTO GRAVY',2,112);

INSERT INTO INSTRUCTION (INSTRUCT_ID,INSTRUCTION,INSTRUCTION_NO,RECIPE_ID)
VALUES (11123,'HEAT FOR 15 MINUTES',3,112);

INSERT INTO INSTRUCTION (INSTRUCT_ID,INSTRUCTION,INSTRUCTION_NO,RECIPE_ID)
VALUES (11131,'GET A DOSA BATTER',1,113);

INSERT INTO INSTRUCTION (INSTRUCT_ID,INSTRUCTION,INSTRUCTION_NO,RECIPE_ID)
VALUES (11132,'MAKE ONION AND TOMOTO GRAVY',2,113);

INSERT INTO INSTRUCTION (INSTRUCT_ID,INSTRUCTION,INSTRUCTION_NO,RECIPE_ID)
VALUES (11133,'HEAT FOR 15 MINUTES',3,113);

INSERT INTO INSTRUCTION (INSTRUCT_ID,INSTRUCTION,INSTRUCTION_NO,RECIPE_ID)
VALUES (31111,'GET A PASTA',1,311);

INSERT INTO INSTRUCTION (INSTRUCT_ID,INSTRUCTION,INSTRUCTION_NO,RECIPE_ID)
VALUES (31112,'MAKE ONION AND TOMOTO GRAVY',2,311);

INSERT INTO INSTRUCTION (INSTRUCT_ID,INSTRUCTION,INSTRUCTION_NO,RECIPE_ID)
VALUES (31113,'HEAT FOR 25 MINUTES',3,311);

INSERT INTO INSTRUCTION (INSTRUCT_ID,INSTRUCTION,INSTRUCTION_NO,RECIPE_ID)
VALUES (31121,'GET A PLANE CAKE',1,312);

INSERT INTO INSTRUCTION (INSTRUCT_ID,INSTRUCTION,INSTRUCTION_NO,RECIPE_ID)
VALUES (31122,'MAKE CHOCOLATE PASTE',2,312);

INSERT INTO INSTRUCTION (INSTRUCT_ID,INSTRUCTION,INSTRUCTION_NO,RECIPE_ID)
VALUES (31123,'HEAT FOR 25 MINUTES',3,312);

INSERT INTO INSTRUCTION (INSTRUCT_ID,INSTRUCTION,INSTRUCTION_NO,RECIPE_ID)
VALUES (41111,'GET A OATS',1,411);

INSERT INTO INSTRUCTION (INSTRUCT_ID,INSTRUCTION,INSTRUCTION_NO,RECIPE_ID)
VALUES (41112,'MAKE ONION AND TOMOTO GRAVY',2,411);

INSERT INTO INSTRUCTION (INSTRUCT_ID,INSTRUCTION,INSTRUCTION_NO,RECIPE_ID)
VALUES (41113,'HEAT FOR 25 MINUTES',3,411);

INSERT INTO INSTRUCTION (INSTRUCT_ID,INSTRUCTION,INSTRUCTION_NO,RECIPE_ID)
VALUES (41121,'GET A BANANA AND BUTTER',1,412);

INSERT INTO INSTRUCTION (INSTRUCT_ID,INSTRUCTION,INSTRUCTION_NO,RECIPE_ID)
VALUES (41122,'MAKE PIECES',2,412);

INSERT INTO INSTRUCTION (INSTRUCT_ID,INSTRUCTION,INSTRUCTION_NO,RECIPE_ID)
VALUES (41123,'HEAT FOR 25 MINUTES',3,412);

INSERT INTO INSTRUCTION (INSTRUCT_ID,INSTRUCTION,INSTRUCTION_NO,RECIPE_ID)
VALUES (41131,'GET A EGG',1,413);

INSERT INTO INSTRUCTION (INSTRUCT_ID,INSTRUCTION,INSTRUCTION_NO,RECIPE_ID)
VALUES (41132,'MAKE ONION,TOMATO AND CHILIES PIECES',2,413);

INSERT INTO INSTRUCTION (INSTRUCT_ID,INSTRUCTION,INSTRUCTION_NO,RECIPE_ID)
VALUES (41133,'HEAT FOR 25 MINUTES',3,413);

INSERT INTO INSTRUCTION (INSTRUCT_ID,INSTRUCTION,INSTRUCTION_NO,RECIPE_ID)
VALUES (21111,'GET A RAVA',1,211);

INSERT INTO INSTRUCTION (INSTRUCT_ID,INSTRUCTION,INSTRUCTION_NO,RECIPE_ID)
VALUES (21112,'MAKE ONION AND TOMATO',2,211);

INSERT INTO INSTRUCTION (INSTRUCT_ID,INSTRUCTION,INSTRUCTION_NO,RECIPE_ID)
VALUES (21113,'HEAT FOR 20 MINUTES',1,211);

INSERT INTO INSTRUCTION (INSTRUCT_ID,INSTRUCTION,INSTRUCTION_NO,RECIPE_ID)
VALUES (21121,'GET A SEMYA',1,212);

INSERT INTO INSTRUCTION (INSTRUCT_ID,INSTRUCTION,INSTRUCTION_NO,RECIPE_ID)
VALUES (21122,'MAKE ONION AND TOMATO',2,212);

INSERT INTO INSTRUCTION (INSTRUCT_ID,INSTRUCTION,INSTRUCTION_NO,RECIPE_ID)
VALUES (21123,'HEAT FOR 20 MINUTES',1,212);

INSERT INTO INSTRUCTION (INSTRUCT_ID,INSTRUCTION,INSTRUCTION_NO,RECIPE_ID)
VALUES (51111,'GET A BREAD',1,511);

INSERT INTO INSTRUCTION (INSTRUCT_ID,INSTRUCTION,INSTRUCTION_NO,RECIPE_ID)
VALUES (51112,'MAKE ONION AND TOMATO',2,511);

INSERT INTO INSTRUCTION (INSTRUCT_ID,INSTRUCTION,INSTRUCTION_NO,RECIPE_ID)
VALUES (51113,'HEAT FOR 20 MINUTES',1,511);

INSERT INTO INSTRUCTION (INSTRUCT_ID,INSTRUCTION,INSTRUCTION_NO,RECIPE_ID)
VALUES (51121,'GET A BUN AND CHICKEN MADRIGENT',1,512);

INSERT INTO INSTRUCTION (INSTRUCT_ID,INSTRUCTION,INSTRUCTION_NO,RECIPE_ID)
VALUES (51122,'MAKE ONION AND TOMATO',2,512);

INSERT INTO INSTRUCTION (INSTRUCT_ID,INSTRUCTION,INSTRUCTION_NO,RECIPE_ID)
VALUES (51123,'HEAT FOR 30 MINUTES',1,512);

INSERT INTO INSTRUCTION (INSTRUCT_ID,INSTRUCTION,INSTRUCTION_NO,RECIPE_ID)
VALUES (61111,'GET A CHICKEN, AND RICE',1,611);

INSERT INTO INSTRUCTION (INSTRUCT_ID,INSTRUCTION,INSTRUCTION_NO,RECIPE_ID)
VALUES (61112,'MAKE ONION AND TOMATO',2,611);

INSERT INTO INSTRUCTION (INSTRUCT_ID,INSTRUCTION,INSTRUCTION_NO,RECIPE_ID)
VALUES (61113,'HEAT FOR 45 MINUTES',3,611);

INSERT INTO INSTRUCTION (INSTRUCT_ID,INSTRUCTION,INSTRUCTION_NO,RECIPE_ID)
VALUES (61121,'GET A CHICKEN AND MASALA ',1,612);

INSERT INTO INSTRUCTION (INSTRUCT_ID,INSTRUCTION,INSTRUCTION_NO,RECIPE_ID)
VALUES (61122,'MAKE MALASA WITH GINGER GARLIC PASTE',2,612);

INSERT INTO INSTRUCTION (INSTRUCT_ID,INSTRUCTION,INSTRUCTION_NO,RECIPE_ID)
VALUES (61123,'HEAT FOR 50 MINUTES',3,612);




